{
    "RunID": "001",
    "Purpose": "Baseline",
    "ParametersChanged": "All defaults",
    "Virus": "T-Virus",
    "PopulationSize": 100,
    "DurationDays": 60,
    "Runtime_ms": 2.3441,
    "Timestamp": "2025-10-23T01:04:03.628485",
    "FinalState": {
        "S": 0,
        "E": 0,
        "I": 12,
        "R": 88
    },
    "TotalCounts": {
        "S": 1087,
        "E": 198,
        "I": 1939,
        "R": 2776
    },
    "AvgCounts": {
        "S": 18.116666666666667,
        "E": 3.3,
        "I": 32.31666666666667,
        "R": 46.266666666666666
    },
    "Throughput": 827.172,
    "AgeDistribution": {
        "senior": 41,
        "adult": 44,
        "child": 15
    }
}